[
{
"model": "user.user",
"pk": 1,
"fields": {
"password": "!",
"last_login": null,
"is_superuser": false,
"username": "demo_user",
"first_name": "Demo",
"last_name": "User",
"email": "[demo@example.com](mailto:demo@example.com)",
"is_staff": false,
"is_active": true,
"date_joined": "2026-06-26T10:00:00Z",
"groups": [],
"user_permissions": []
}
},
{
"model": "airport.country",
"pk": 1,
"fields": {
"name": "Ukraine"
}
},
{
"model": "airport.country",
"pk": 2,
"fields": {
"name": "Germany"
}
},
{
"model": "airport.country",
"pk": 3,
"fields": {
"name": "Poland"
}
},
{
"model": "airport.country",
"pk": 4,
"fields": {
"name": "Netherlands"
}
},
{
"model": "airport.country",
"pk": 5,
"fields": {
"name": "United Kingdom"
}
},
{
"model": "airport.country",
"pk": 6,
"fields": {
"name": "France"
}
},
{
"model": "airport.country",
"pk": 7,
"fields": {
"name": "Spain"
}
},
{
"model": "airport.city",
"pk": 1,
"fields": {
"name": "Kyiv",
"country": 1
}
},
{
"model": "airport.city",
"pk": 2,
"fields": {
"name": "Lviv",
"country": 1
}
},
{
"model": "airport.city",
"pk": 3,
"fields": {
"name": "Berlin",
"country": 2
}
},
{
"model": "airport.city",
"pk": 4,
"fields": {
"name": "Warsaw",
"country": 3
}
},
{
"model": "airport.city",
"pk": 5,
"fields": {
"name": "Amsterdam",
"country": 4
}
},
{
"model": "airport.city",
"pk": 6,
"fields": {
"name": "London",
"country": 5
}
},
{
"model": "airport.city",
"pk": 7,
"fields": {
"name": "Paris",
"country": 6
}
},
{
"model": "airport.city",
"pk": 8,
"fields": {
"name": "Barcelona",
"country": 7
}
},
{
"model": "airport.airport",
"pk": 1,
"fields": {
"name": "Boryspil International Airport",
"closest_big_city": 1
}
},
{
"model": "airport.airport",
"pk": 2,
"fields": {
"name": "Lviv Danylo Halytskyi International Airport",
"closest_big_city": 2
}
},
{
"model": "airport.airport",
"pk": 3,
"fields": {
"name": "Berlin Brandenburg Airport",
"closest_big_city": 3
}
},
{
"model": "airport.airport",
"pk": 4,
"fields": {
"name": "Warsaw Chopin Airport",
"closest_big_city": 4
}
},
{
"model": "airport.airport",
"pk": 5,
"fields": {
"name": "Amsterdam Schiphol Airport",
"closest_big_city": 5
}
},
{
"model": "airport.airport",
"pk": 6,
"fields": {
"name": "London Heathrow Airport",
"closest_big_city": 6
}
},
{
"model": "airport.airport",
"pk": 7,
"fields": {
"name": "Paris Charles de Gaulle Airport",
"closest_big_city": 7
}
},
{
"model": "airport.airport",
"pk": 8,
"fields": {
"name": "Barcelona El Prat Airport",
"closest_big_city": 8
}
},
{
"model": "airport.route",
"pk": 1,
"fields": {
"source": 1,
"destination": 3,
"distance": 1200
}
},
{
"model": "airport.route",
"pk": 2,
"fields": {
"source": 3,
"destination": 1,
"distance": 1200
}
},
{
"model": "airport.route",
"pk": 3,
"fields": {
"source": 1,
"destination": 4,
"distance": 690
}
},
{
"model": "airport.route",
"pk": 4,
"fields": {
"source": 4,
"destination": 5,
"distance": 1090
}
},
{
"model": "airport.route",
"pk": 5,
"fields": {
"source": 5,
"destination": 6,
"distance": 370
}
},
{
"model": "airport.route",
"pk": 6,
"fields": {
"source": 7,
"destination": 8,
"distance": 830
}
},
{
"model": "airport.route",
"pk": 7,
"fields": {
"source": 2,
"destination": 4,
"distance": 340
}
},
{
"model": "airport.route",
"pk": 8,
"fields": {
"source": 1,
"destination": 7,
"distance": 2020
}
},
{
"model": "airport.crew",
"pk": 1,
"fields": {
"first_name": "Olena",
"last_name": "Shevchenko"
}
},
{
"model": "airport.crew",
"pk": 2,
"fields": {
"first_name": "Andrii",
"last_name": "Koval"
}
},
{
"model": "airport.crew",
"pk": 3,
"fields": {
"first_name": "Marta",
"last_name": "Bondar"
}
},
{
"model": "airport.crew",
"pk": 4,
"fields": {
"first_name": "Hans",
"last_name": "Muller"
}
},
{
"model": "airport.crew",
"pk": 5,
"fields": {
"first_name": "Anna",
"last_name": "Nowak"
}
},
{
"model": "airport.airplanetype",
"pk": 1,
"fields": {
"name": "Airbus A320"
}
},
{
"model": "airport.airplanetype",
"pk": 2,
"fields": {
"name": "Boeing 737"
}
},
{
"model": "airport.airplanetype",
"pk": 3,
"fields": {
"name": "Embraer 190"
}
},
{
"model": "airport.airplanetype",
"pk": 4,
"fields": {
"name": "Boeing 787 Dreamliner"
}
},
{
"model": "airport.airplane",
"pk": 1,
"fields": {
"name": "UR-SKY",
"rows": 30,
"seats_in_rows": 6,
"airplane_type": 1
}
},
{
"model": "airport.airplane",
"pk": 2,
"fields": {
"name": "UR-WND",
"rows": 32,
"seats_in_rows": 6,
"airplane_type": 2
}
},
{
"model": "airport.airplane",
"pk": 3,
"fields": {
"name": "LH-CITY",
"rows": 25,
"seats_in_rows": 4,
"airplane_type": 3
}
},
{
"model": "airport.airplane",
"pk": 4,
"fields": {
"name": "BA-LONG",
"rows": 42,
"seats_in_rows": 9,
"airplane_type": 4
}
},
{
"model": "airport.flight",
"pk": 1,
"fields": {
"route": 1,
"airplane": 1,
"departure_time": "2026-07-01T09:00:00Z",
"arrival_time": "2026-07-01T11:30:00Z",
"base_price": "120.00",
"crew": [1, 2, 3]
}
},
{
"model": "airport.flight",
"pk": 2,
"fields": {
"route": 2,
"airplane": 2,
"departure_time": "2026-07-02T15:00:00Z",
"arrival_time": "2026-07-02T17:30:00Z",
"base_price": "125.00",
"crew": [2, 4]
}
},
{
"model": "airport.flight",
"pk": 3,
"fields": {
"route": 3,
"airplane": 3,
"departure_time": "2026-07-03T08:20:00Z",
"arrival_time": "2026-07-03T09:40:00Z",
"base_price": "80.00",
"crew": [1, 5]
}
},
{
"model": "airport.flight",
"pk": 4,
"fields": {
"route": 5,
"airplane": 4,
"departure_time": "2026-07-04T12:00:00Z",
"arrival_time": "2026-07-04T13:10:00Z",
"base_price": "95.00",
"crew": [3, 4]
}
},
{
"model": "airport.flight",
"pk": 5,
"fields": {
"route": 8,
"airplane": 1,
"departure_time": "2026-07-05T06:45:00Z",
"arrival_time": "2026-07-05T10:10:00Z",
"base_price": "160.00",
"crew": [1, 2, 4]
}
},
{
"model": "airport.ticketclass",
"pk": 1,
"fields": {
"name": "Economy",
"price_multiplier": "1.00"
}
},
{
"model": "airport.ticketclass",
"pk": 2,
"fields": {
"name": "Business",
"price_multiplier": "2.50"
}
},
{
"model": "airport.ticketclass",
"pk": 3,
"fields": {
"name": "First Class",
"price_multiplier": "4.00"
}
},
{
"model": "airport.order",
"pk": 1,
"fields": {
"created_at": "2026-06-26T11:00:00Z",
"user": 1
}
},
{
"model": "airport.order",
"pk": 2,
"fields": {
"created_at": "2026-06-26T12:00:00Z",
"user": 1
}
},
{
"model": "airport.ticket",
"pk": 1,
"fields": {
"row": 1,
"seat": 1,
"flight": 1,
"order": 1,
"ticket_class": 1,
"price": "120.00"
}
},
{
"model": "airport.ticket",
"pk": 2,
"fields": {
"row": 1,
"seat": 2,
"flight": 1,
"order": 1,
"ticket_class": 2,
"price": "300.00"
}
},
{
"model": "airport.ticket",
"pk": 3,
"fields": {
"row": 2,
"seat": 1,
"flight": 2,
"order": 2,
"ticket_class": 1,
"price": "125.00"
}
},
{
"model": "airport.ticket",
"pk": 4,
"fields": {
"row": 2,
"seat": 2,
"flight": 3,
"order": 2,
"ticket_class": 3,
"price": "320.00"
}
}
]
